[{"model": "questionnaire.category", "pk": 1, "fields": {"name": "Trauma Program"}}, {"model": "questionnaire.category", "pk": 2, "fields": {"name": "Trauma Medical Director"}}, {"model": "questionnaire.category", "pk": 3, "fields": {"name": "Trauma Program Manager"}}, {"model": "questionnaire.category", "pk": 4, "fields": {"name": "Trauma Registrar"}}, {"model": "questionnaire.category", "pk": 5, "fields": {"name": "Trauma Liaisons"}}, {"model": "questionnaire.category", "pk": 6, "fields": {"name": "Trauma Team"}}, {"model": "questionnaire.category", "pk": 7, "fields": {"name": "General Surgery Participation"}}, {"model": "questionnaire.category", "pk": 8, "fields": {"name": "Orthopedic Surgery Participation"}}, {"model": "questionnaire.category", "pk": 9, "fields": {"name": "Neurosurgical Participation"}}, {"model": "questionnaire.category", "pk": 10, "fields": {"name": "Anesthesiology Participation"}}, {"model": "questionnaire.category", "pk": 11, "fields": {"name": "Emergency Medicine Participation"}}, {"model": "questionnaire.category", "pk": 12, "fields": {"name": "Medical Specialty Support"}}, {"model": "questionnaire.category", "pk": 13, "fields": {"name": "Surgical Speciality Support"}}, {"model": "questionnaire.category", "pk": 14, "fields": {"name": "Emergency Department"}}, {"model": "questionnaire.category", "pk": 15, "fields": {"name": "Review and Review Status"}}, {"model": "questionnaire.category", "pk": 16, "fields": {"name": "Institution"}}, {"model": "questionnaire.category", "pk": 17, "fields": {"name": "EMS"}}, {"model": "questionnaire.question", "pk": 1, "fields": {"category": 1, "text": "Does your institution have a trauma program?", "order": 0, "q_type": "bool", "tags": "", "help_text": "This first question has help text.", "options": []}}, {"model": "questionnaire.question", "pk": 2, "fields": {"category": 1, "text": "Is there a resolution within the past three years supporting the trauma program from the hospital governing body e.g. the hospital board?", "order": 3, "q_type": "bool", "tags": "", "help_text": "", "options": []}}, {"model": "questionnaire.question", "pk": 3, "fields": {"category": 1, "text": "Is there a medical staff resolution within the past three years supporting the trauma program?", "order": 6, "q_type": "bool", "tags": null, "help_text": null, "options": []}}, {"model": "questionnaire.question", "pk": 4, "fields": {"category": 1, "text": "Is there specific budgetary support for the trauma program such as personnel, education and equipment?", "order": 9, "q_type": "bool", "tags": null, "help_text": null, "options": []}}, {"model": "questionnaire.question", "pk": 6, "fields": {"category": 2, "text": "Is there a clear defined line of reporting for the TMD within the organization?", "order": 5, "q_type": "bool", "tags": "", "help_text": "", "options": []}}, {"model": "questionnaire.question", "pk": 7, "fields": {"category": 1, "text": "Are there regional or state efforts to create a trauma system?", "order": 12, "q_type": "bool", "tags": null, "help_text": null, "options": []}}, {"model": "questionnaire.question", "pk": 8, "fields": {"category": 1, "text": "Does the hospital trauma program staff participate in the state and/or regional trauma system planning, development, or operation?", "order": 15, "q_type": "bool", "tags": null, "help_text": null, "options": []}}, {"model": "questionnaire.question", "pk": 9, "fields": {"category": 1, "text": "Does the trauma program leadership (TMD, TPM) have the authority to develop, oversee and improve the care of the injured within the facility?", "order": 18, "q_type": "bool", "tags": "", "help_text": "", "options": []}}, {"model": "questionnaire.question", "pk": 10, "fields": {"category": 1, "text": "Does your trauma program have a Trauma Program Operational Review Committee?", "order": 21, "q_type": "bool", "tags": null, "help_text": null, "options": []}}, {"model": "questionnaire.question", "pk": 11, "fields": {"category": 1, "text": "Does your trauma program have Trauma Peer Review Committee Meetings?", "order": 24, "q_type": "bool", "tags": null, "help_text": null, "options": []}}, {"model": "questionnaire.question", "pk": 12, "fields": {"category": 2, "text": "Does your trauma program have a trauma medical director?", "order": 0, "q_type": "bool", "tags": "", "help_text": "", "options": []}}, {"model": "questionnaire.question", "pk": 13, "fields": {"category": 2, "text": "Is the TMD a board-certified or board-eligible general surgeon (pediatric surgery in          a pediatric facility) and in good standing in the institution with state licensure, has membership in professional organizations?", "order": 3, "q_type": "bool", "tags": "", "help_text": "", "options": []}}, {"model": "questionnaire.question", "pk": 14, "fields": {"category": 2, "text": "Does the TMD participate in trauma call?", "order": 9, "q_type": "bool", "tags": null, "help_text": null, "options": []}}, {"model": "questionnaire.question", "pk": 15, "fields": {"category": 2, "text": "Does the TMD lead the trauma QI and patient safety program within the trauma center?", "order": 12, "q_type": "bool", "tags": null, "help_text": null, "options": []}}, {"model": "questionnaire.question", "pk": 16, "fields": {"category": 3, "text": "What level of education does your trauma program manager have?", "order": 6, "q_type": "combo", "tags": "", "help_text": "", "options": [1, 2, 3, 4]}}, {"model": "questionnaire.question", "pk": 17, "fields": {"category": 2, "text": "Does the TMD have a method to identify injured patients, monitor the provision of health care services, make periodic rounds, and hold formal and informal discussions with individual practitioners?", "order": 15, "q_type": "bool", "tags": "", "help_text": "Work in progress", "options": []}}, {"model": "questionnaire.question", "pk": 18, "fields": {"category": 2, "text": "Does the TMD perform annual review of the performance of all surgeons on          the trauma call panel?", "order": 18, "q_type": "bool", "tags": null, "help_text": null, "options": []}}, {"model": "questionnaire.question", "pk": 19, "fields": {"category": 2, "text": "Does the TMD have the ability to contribute to the trauma program manager\u2019s performance evaluation?", "order": 21, "q_type": "bool", "tags": null, "help_text": null, "options": []}}, {"model": "questionnaire.question", "pk": 20, "fields": {"category": 2, "text": "Is the TMD a member of national or regional trauma organizations?", "order": 24, "q_type": "bool", "tags": "", "help_text": "", "options": []}}, {"model": "questionnaire.question", "pk": 21, "fields": {"category": 2, "text": "Does your TMD have the required verifiable 18 hours of Category I trauma-specific CME, or 18 hours of trauma-specific internal education every three years?", "order": 27, "q_type": "bool", "tags": null, "help_text": null, "options": []}}, {"model": "questionnaire.question", "pk": 22, "fields": {"category": 2, "text": "Does the TMD have sufficient authority to set the qualifications for the trauma service members?", "order": 30, "q_type": "bool", "tags": null, "help_text": null, "options": []}}, {"model": "questionnaire.question", "pk": 23, "fields": {"category": 2, "text": "Does the structure of the trauma program allow the TMD to have oversight and authority for the care of injured patients who may be admitted to individual surgeons?", "order": 33, "q_type": "bool", "tags": null, "help_text": null, "options": []}}, {"model": "questionnaire.question", "pk": 24, "fields": {"category": 2, "text": "Does the TMD have the authority to appoint members to the trauma panel?", "order": 36, "q_type": "bool", "tags": "", "help_text": "", "options": []}}, {"model": "questionnaire.question", "pk": 25, "fields": {"category": 3, "text": "Does your institution have a trauma program manager?", "order": 3, "q_type": "bool", "tags": null, "help_text": null, "options": []}}, {"model": "questionnaire.question", "pk": 26, "fields": {"category": 3, "text": "Is the TPM an RN that has responsibility for monitoring and evaluating nursing care of the trauma patients and coordination of QI and patient safety programs for the trauma center in conjunction with the TMD?", "order": 9, "q_type": "bool", "tags": "", "help_text": "", "options": []}}, {"model": "questionnaire.question", "pk": 27, "fields": {"category": 3, "text": "Does the trauma program manager show evidence of educational preparation, continuing trauma education and clinical experience in the care of injured patients?", "order": 12, "q_type": "bool", "tags": null, "help_text": null, "options": []}}, {"model": "questionnaire.question", "pk": 28, "fields": {"category": 3, "text": "Is the TPM current in ATCN, TNCC, or an equivalent course certifications current?", "order": 15, "q_type": "bool", "tags": null, "help_text": null, "options": []}}, {"model": "questionnaire.question", "pk": 29, "fields": {"category": 3, "text": "If your TPM is new to the position (less than 6 months) has he/she registered to take a QI course, and an AIS coding course or state sponsored coding course?", "order": 18, "q_type": "bool", "tags": null, "help_text": null, "options": []}}, {"model": "questionnaire.question", "pk": 30, "fields": {"category": 3, "text": "Is your  facilities TPM  at least 1.0 FTE, if trauma patient record volume is 500 or greater?", "order": 21, "q_type": "bool", "tags": null, "help_text": null, "options": []}}, {"model": "questionnaire.question", "pk": 31, "fields": {"category": 3, "text": "Who does the TPM report to?", "order": 8, "q_type": "check", "tags": "", "help_text": "Check all that apply", "options": [5, 6, 7, 8]}}, {"model": "questionnaire.question", "pk": 32, "fields": {"category": 3, "text": "List the number of FTE of support personnel.", "order": 27, "q_type": "text", "tags": null, "help_text": null, "options": []}}, {"model": "questionnaire.question", "pk": 33, "fields": {"category": 4, "text": "Does your institution have a trauma registrar?", "order": 0, "q_type": "bool", "tags": null, "help_text": null, "options": []}}, {"model": "questionnaire.question", "pk": 34, "fields": {"category": 4, "text": "Does your Trauma Registrar have a job description?", "order": 3, "q_type": "bool", "tags": null, "help_text": null, "options": []}}, {"model": "questionnaire.question", "pk": 35, "fields": {"category": 4, "text": "Is the Registrar a full-time position?", "order": 6, "q_type": "bool", "tags": null, "help_text": null, "options": []}}, {"model": "questionnaire.question", "pk": 36, "fields": {"category": 4, "text": "Has the Registrar attended the AAAM course or a state sponsored coding course?", "order": 9, "q_type": "bool", "tags": null, "help_text": null, "options": []}}, {"model": "questionnaire.question", "pk": 37, "fields": {"category": 5, "text": "Does your trauma program have official physician liaisons in EM, orthopedics, neurosurgery, anesthesia, critical care, and radiology?", "order": 0, "q_type": "bool", "tags": null, "help_text": null, "options": []}}, {"model": "questionnaire.question", "pk": 38, "fields": {"category": 5, "text": "Do the liaisons disseminate information from the trauma meetings back to their service members?", "order": 3, "q_type": "bool", "tags": null, "help_text": null, "options": []}}, {"model": "questionnaire.question", "pk": 39, "fields": {"category": 5, "text": "Do your liaisons attend 50% of the Trauma Program Operational Review Committee meetings and 50% of the Trauma Peer Review Committee Meetings?", "order": 6, "q_type": "bool", "tags": null, "help_text": null, "options": []}}, {"model": "questionnaire.question", "pk": 40, "fields": {"category": 6, "text": "Is there a predetermined set of care providers and ancillary personnel (physicians, mid-level practitioners, nurses, X-ray technologists, laboratory, respiratory therapists, etc.) needed to provide resuscitation, rapid triage, and transfer or the severely injured?", "order": 0, "q_type": "bool", "tags": "", "help_text": "", "options": []}}, {"model": "questionnaire.question", "pk": 41, "fields": {"category": 7, "text": "Does your facility provide 24/7 general surgical coverage?", "order": 0, "q_type": "bool", "tags": null, "help_text": null, "options": []}}, {"model": "questionnaire.question", "pk": 42, "fields": {"category": 7, "text": "Number of trauma surgeons taking call", "order": 3, "q_type": "int", "tags": "", "help_text": null, "options": []}}, {"model": "questionnaire.question", "pk": 43, "fields": {"category": 7, "text": "Do all of the trauma panel surgeons have privileges in general surgery?", "order": 6, "q_type": "bool", "tags": null, "help_text": null, "options": []}}, {"model": "questionnaire.question", "pk": 44, "fields": {"category": 7, "text": "Are all of the general surgeons (trauma surgeons on call panel) board-certified/eligible* or a FACS or FACO?", "order": 9, "q_type": "bool", "tags": null, "help_text": null, "options": []}}, {"model": "questionnaire.question", "pk": 45, "fields": {"category": 7, "text": "Have all general surgeons on the trauma team successfully completed the ATLS course at least once?", "order": 12, "q_type": "bool", "tags": null, "help_text": null, "options": []}}, {"model": "questionnaire.question", "pk": 46, "fields": {"category": 7, "text": "What percent of general surgeons are current in ATLS?", "order": 15, "q_type": "text", "tags": null, "help_text": null, "options": []}}, {"model": "questionnaire.question", "pk": 47, "fields": {"category": 7, "text": "Do all the trauma surgeons who take trauma call have documented 18 hours if Category I trauma specific CME or 18 hours of trauma-specific internal education every three years?", "order": 18, "q_type": "bool", "tags": null, "help_text": null, "options": []}}, {"model": "questionnaire.question", "pk": 48, "fields": {"category": 7, "text": "Have they participated in an internal education process conducted by the trauma program based on the principles of practice-based learning?", "order": 21, "q_type": "bool", "tags": null, "help_text": null, "options": []}}, {"model": "questionnaire.question", "pk": 49, "fields": {"category": 7, "text": "Has the 'Core' group of trauma surgeons been adequately defined by the trauma medical director?", "order": 24, "q_type": "bool", "tags": null, "help_text": null, "options": []}}, {"model": "questionnaire.question", "pk": 50, "fields": {"category": 7, "text": "Does the 'Core' group take at least 60% of the total trauma call hours each month?", "order": 27, "q_type": "bool", "tags": null, "help_text": null, "options": []}}, {"model": "questionnaire.question", "pk": 51, "fields": {"category": 7, "text": "Does the 'Core' group each participate in 50% of the Trauma Peer Review Committee meetings and  disseminate information back to all non-core surgeons?", "order": 30, "q_type": "bool", "tags": null, "help_text": null, "options": []}}, {"model": "questionnaire.question", "pk": 52, "fields": {"category": 7, "text": "What is the number of 'Core' trauma surgeons?", "order": 33, "q_type": "int", "tags": "", "help_text": null, "options": []}}, {"model": "questionnaire.question", "pk": 53, "fields": {"category": 7, "text": "What is the number of 'Non-core' trauma surgeons taking call?", "order": 36, "q_type": "int", "tags": "", "help_text": null, "options": []}}, {"model": "questionnaire.question", "pk": 54, "fields": {"category": 7, "text": "Is the trauma surgeon dedicated to the trauma center while on call?", "order": 39, "q_type": "bool", "tags": null, "help_text": null, "options": []}}, {"model": "questionnaire.question", "pk": 55, "fields": {"category": 7, "text": "Do trauma surgeons take in-house call?", "order": 42, "q_type": "bool", "tags": null, "help_text": null, "options": []}}, {"model": "questionnaire.question", "pk": 56, "fields": {"category": 7, "text": "Does the trauma surgeon provide care for non-trauma emergencies when on call?", "order": 45, "q_type": "bool", "tags": null, "help_text": null, "options": []}}, {"model": "questionnaire.question", "pk": 57, "fields": {"category": 7, "text": "Is there a published backup call schedule for the trauma surgeons?", "order": 48, "q_type": "bool", "tags": null, "help_text": null, "options": []}}, {"model": "questionnaire.question", "pk": 58, "fields": {"category": 7, "text": "Number of trauma surgeons with added certifications in critical care?", "order": 51, "q_type": "int", "tags": "", "help_text": null, "options": []}}, {"model": "questionnaire.question", "pk": 59, "fields": {"category": 7, "text": "Number of trauma fellowship-trained surgeons on call panel?", "order": 54, "q_type": "int", "tags": "", "help_text": null, "options": []}}, {"model": "questionnaire.question", "pk": 60, "fields": {"category": 8, "text": "Does your facility provide 24/7 orthopedic coverage.  On-call and promptly available when requested by the trauma surgeon or EM specialist?", "order": 0, "q_type": "bool", "tags": null, "help_text": null, "options": []}}, {"model": "questionnaire.question", "pk": 61, "fields": {"category": 8, "text": "Is there an orthopedic surgeon who is identified as the liaison to the trauma program?", "order": 3, "q_type": "bool", "tags": null, "help_text": null, "options": []}}, {"model": "questionnaire.question", "pk": 62, "fields": {"category": 8, "text": "Have the orthopedic surgeons documented at least an average of 18 hours in three years of verifiable Category I trauma-specific CME, or 18 hours of trauma-specific internal education every three years?", "order": 6, "q_type": "bool", "tags": "", "help_text": null, "options": []}}, {"model": "questionnaire.question", "pk": 63, "fields": {"category": 8, "text": "Does the orthopedic surgeon liaison participate in 50% of the Trauma Peer Review Committee meetings and disseminate information back to all orthopedic surgeons on the call panel?", "order": 9, "q_type": "bool", "tags": null, "help_text": null, "options": []}}, {"model": "questionnaire.question", "pk": 64, "fields": {"category": 8, "text": "Number of orthopedic surgeons on the trauma call panel?", "order": 12, "q_type": "int", "tags": "", "help_text": null, "options": []}}, {"model": "questionnaire.question", "pk": 65, "fields": {"category": 8, "text": "Are all of the orthopedic surgeons who care for injured patients board-certified/eligible or a Fellow of an organization?", "order": 15, "q_type": "bool", "tags": null, "help_text": null, "options": []}}, {"model": "questionnaire.question", "pk": 66, "fields": {"category": 8, "text": "Do all of the orthopedic surgeons have privileges in general orthopedic surgery?", "order": 18, "q_type": "bool", "tags": null, "help_text": null, "options": []}}, {"model": "questionnaire.question", "pk": 67, "fields": {"category": 8, "text": "Are the on-call orthopedic surgeons dedicated to the hospital (i.e. Do not take call simultaneously at  another hospital?", "order": 21, "q_type": "bool", "tags": null, "help_text": null, "options": []}}, {"model": "questionnaire.question", "pk": 68, "fields": {"category": 8, "text": "In the case where the orthopedic is not dedicated to the facility 24/7, does your facility have orthopedic backup plan?", "order": 24, "q_type": "bool", "tags": null, "help_text": null, "options": []}}, {"model": "questionnaire.question", "pk": 69, "fields": {"category": 8, "text": "Is the back-up plan approved by your TMD?", "order": 27, "q_type": "bool", "tags": null, "help_text": null, "options": []}}, {"model": "questionnaire.question", "pk": 70, "fields": {"category": 8, "text": "Are plastic surgery, hand surgery, microvascular surgery, and spinal injury care capabilities present at this Level I trauma center?", "order": 30, "q_type": "bool", "tags": null, "help_text": null, "options": []}}, {"model": "questionnaire.question", "pk": 71, "fields": {"category": 8, "text": "Is there an orthopedic team member promptly available in the trauma resuscitation area when consulted by the surgical trauma team leader for multiple injured patients?", "order": 33, "q_type": "bool", "tags": null, "help_text": null, "options": []}}, {"model": "questionnaire.question", "pk": 72, "fields": {"category": 8, "text": "Does facility have an orthopedic surgery residency program?", "order": 36, "q_type": "bool", "tags": null, "help_text": null, "options": []}}, {"model": "questionnaire.question", "pk": 73, "fields": {"category": 8, "text": "Does the facility have an orthopedic trauma fellowship?", "order": 39, "q_type": "bool", "tags": null, "help_text": null, "options": []}}, {"model": "questionnaire.question", "pk": 74, "fields": {"category": 8, "text": "Are there physical and occupational therapists and rehabilitation specialists involved in the acute and rehabilitation phases of care?", "order": 42, "q_type": "bool", "tags": null, "help_text": null, "options": []}}, {"model": "questionnaire.question", "pk": 75, "fields": {"category": 9, "text": "Do you provide 24/7 neurosurgical coverage.  On-call promptly available when requested by the trauma surgeon or EM specialist?", "order": 0, "q_type": "bool", "tags": null, "help_text": null, "options": []}}, {"model": "questionnaire.question", "pk": 76, "fields": {"category": 9, "text": "Is there a designated neurosurgeon liaison?", "order": 3, "q_type": "bool", "tags": null, "help_text": null, "options": []}}, {"model": "questionnaire.question", "pk": 77, "fields": {"category": 9, "text": "What is the number of neurosurgeons on the call panel?", "order": 6, "q_type": "int", "tags": "", "help_text": null, "options": []}}, {"model": "questionnaire.question", "pk": 78, "fields": {"category": 9, "text": "Are there physicians with special competence in caring for the patient with neuro trauma in house and immediately available?", "order": 9, "q_type": "bool", "tags": null, "help_text": null, "options": []}}, {"model": "questionnaire.question", "pk": 79, "fields": {"category": 9, "text": "Do the other neurosurgeons who take trauma call have verifiable 18 hours of Category I trauma-specific CME, or 18 hours of trauma-specific internal education every 3 years?", "order": 12, "q_type": "bool", "tags": null, "help_text": null, "options": []}}, {"model": "questionnaire.question", "pk": 80, "fields": {"category": 9, "text": "Does the neurosurgeon liaison participate in 50% of the Trauma Peer Review Committee and disseminate information back to all neurosurgeons on the call panel.", "order": 15, "q_type": "bool", "tags": null, "help_text": null, "options": []}}, {"model": "questionnaire.question", "pk": 81, "fields": {"category": 9, "text": "Are the neurosurgeons dedicated to this hospital when on trauma call (i.e. - not taking simultaneous call at another hospital)?", "order": 18, "q_type": "bool", "tags": null, "help_text": null, "options": []}}, {"model": "questionnaire.question", "pk": 82, "fields": {"category": 9, "text": "In the case where the neurosurgeon is not dedicated to the facility 24/7, does your facility have neurosurgical backup plan?", "order": 21, "q_type": "bool", "tags": null, "help_text": null, "options": []}}, {"model": "questionnaire.question", "pk": 83, "fields": {"category": 9, "text": "Is the back-up plan published and approved by your TMD?", "order": 24, "q_type": "bool", "tags": null, "help_text": null, "options": []}}, {"model": "questionnaire.question", "pk": 84, "fields": {"category": 9, "text": "Does the facility have a neurosurgery residency program?", "order": 27, "q_type": "bool", "tags": null, "help_text": null, "options": []}}, {"model": "questionnaire.question", "pk": 85, "fields": {"category": 9, "text": "Are qualified neurosurgeons regularly involved in the care of head - and spinal cord - injured patients and are credentialed by the hospital with general neurosurgical privileges?", "order": 30, "q_type": "bool", "tags": null, "help_text": null, "options": []}}, {"model": "questionnaire.question", "pk": 86, "fields": {"category": 9, "text": "Is there a trauma-director approved plan that determines which types and severity of neurologic injury patients should remain at the facility when no neurosurgical coverage is present?", "order": 33, "q_type": "bool", "tags": null, "help_text": null, "options": []}}, {"model": "questionnaire.question", "pk": 87, "fields": {"category": 10, "text": "Is anesthesia available in-house 24/7. (This may be fulfilled by an anesthesiologist, PGY4 or greater anesthesia resident or a CRNA)?", "order": 0, "q_type": "bool", "tags": null, "help_text": null, "options": []}}, {"model": "questionnaire.question", "pk": 88, "fields": {"category": 10, "text": "Are anesthesiology services promptly available for emergency operations 24/7?", "order": 3, "q_type": "bool", "tags": null, "help_text": null, "options": []}}, {"model": "questionnaire.question", "pk": 89, "fields": {"category": 10, "text": "Are anesthesiology services promptly available for airway problems?", "order": 6, "q_type": "bool", "tags": null, "help_text": null, "options": []}}, {"model": "questionnaire.question", "pk": 90, "fields": {"category": 10, "text": "Is there a fully credentialed anesthesia provider present for all trauma operations?", "order": 9, "q_type": "bool", "tags": null, "help_text": null, "options": []}}, {"model": "questionnaire.question", "pk": 91, "fields": {"category": 10, "text": "Is there an anesthesiologist liaison designated to the trauma program?", "order": 12, "q_type": "bool", "tags": null, "help_text": null, "options": []}}, {"model": "questionnaire.question", "pk": 92, "fields": {"category": 10, "text": "Is the availability of the anesthesia services and the absence of delays in airway control or operations documented by the trauma QI program?", "order": 15, "q_type": "bool", "tags": null, "help_text": null, "options": []}}, {"model": "questionnaire.question", "pk": 93, "fields": {"category": 10, "text": "Number of anesthesiologists on staff?", "order": 18, "q_type": "int", "tags": "", "help_text": null, "options": []}}, {"model": "questionnaire.question", "pk": 94, "fields": {"category": 10, "text": "Have all of the anesthesiologists taking call successfully completed an anesthesiology residency?", "order": 21, "q_type": "bool", "tags": null, "help_text": null, "options": []}}, {"model": "questionnaire.question", "pk": 95, "fields": {"category": 10, "text": "When anesthesiology chief residents or CRNAs are used to fulfill availability requirements, are the staff anesthesiologists on call advised, promptly available at all times, and present for all operat", "order": 24, "q_type": "bool", "tags": null, "help_text": null, "options": []}}, {"model": "questionnaire.question", "pk": 96, "fields": {"category": 10, "text": "In a Level II trauma center without in-house anesthesia services (house wide), are protocols in place to ensure the timely arrival at the bedside of the anesthesia provider?", "order": 27, "q_type": "bool", "tags": null, "help_text": null, "options": []}}, {"model": "questionnaire.question", "pk": 97, "fields": {"category": 10, "text": "In a Level II trauma center without in-house anesthesia services, is there documentation of the presence of physicians skilled in emergency airway management?", "order": 30, "q_type": "bool", "tags": null, "help_text": null, "options": []}}, {"model": "questionnaire.question", "pk": 98, "fields": {"category": 10, "text": "Does the hospital use CRNAs?", "order": 33, "q_type": "bool", "tags": null, "help_text": null, "options": []}}, {"model": "questionnaire.question", "pk": 99, "fields": {"category": 10, "text": "Are the CRNAs credentialed by the hospital to begin an emergency case without MD presence?", "order": 36, "q_type": "bool", "tags": null, "help_text": null, "options": []}}, {"model": "questionnaire.question", "pk": 100, "fields": {"category": 11, "text": "Do you have a liaison from the EM Service to the Trauma Program who effective disseminating information back to the EM service?", "order": 0, "q_type": "bool", "tags": null, "help_text": null, "options": []}}, {"model": "questionnaire.question", "pk": 101, "fields": {"category": 11, "text": "Is there a designated emergency physician available to the trauma director for QI issues that occur in the emergency department?", "order": 3, "q_type": "bool", "tags": null, "help_text": null, "options": []}}, {"model": "questionnaire.question", "pk": 102, "fields": {"category": 11, "text": "Does the EM liaison have the required verifiable 18 hours of Category I trauma- specific CME, or 18 hours of trauma-specific internal education every three years.", "order": 6, "q_type": "bool", "tags": null, "help_text": null, "options": []}}, {"model": "questionnaire.question", "pk": 103, "fields": {"category": 11, "text": "The EM liaison regularly attends 50% of the trauma QI meeting and has documented 50% attendance at  the Trauma Peer Review Committee meetings.", "order": 9, "q_type": "bool", "tags": null, "help_text": null, "options": []}}, {"model": "questionnaire.question", "pk": 104, "fields": {"category": 11, "text": "Number of emergency physicians who treat major trauma patients?", "order": 12, "q_type": "int", "tags": "", "help_text": null, "options": []}}, {"model": "questionnaire.question", "pk": 105, "fields": {"category": 11, "text": "Have all of the emergency physicians successfully completed the ATLS course at least once?", "order": 15, "q_type": "bool", "tags": null, "help_text": null, "options": []}}, {"model": "questionnaire.question", "pk": 106, "fields": {"category": 11, "text": "What percent of ED physicians are current in ATLS?", "order": 18, "q_type": "int", "tags": null, "help_text": null, "options": []}}, {"model": "questionnaire.question", "pk": 107, "fields": {"category": 11, "text": "Are there any physicians who are not board certified in emergency medicine who work in the emergency department.", "order": 21, "q_type": "bool", "tags": null, "help_text": null, "options": []}}, {"model": "questionnaire.question", "pk": 108, "fields": {"category": 11, "text": "Are physicians that are non-boarded in emergency medicine current in ATLS?", "order": 24, "q_type": "bool", "tags": null, "help_text": null, "options": []}}, {"model": "questionnaire.question", "pk": 109, "fields": {"category": 11, "text": "Are emergency department physicians present in the emergency department at all times?", "order": 27, "q_type": "bool", "tags": null, "help_text": null, "options": []}}, {"model": "questionnaire.question", "pk": 110, "fields": {"category": 11, "text": "Is there an emergency medicine residency program?", "order": 42, "q_type": "bool", "tags": null, "help_text": null, "options": []}}, {"model": "questionnaire.question", "pk": 111, "fields": {"category": 11, "text": "Are the roles of emergency physicians and trauma surgeons defined, agreed on, and approved by the director of trauma services?", "order": 30, "q_type": "bool", "tags": null, "help_text": null, "options": []}}, {"model": "questionnaire.question", "pk": 112, "fields": {"category": 11, "text": "Are all of the emergency physicians who care for injured patients board-certified/eligible?", "order": 33, "q_type": "bool", "tags": null, "help_text": null, "options": []}}, {"model": "questionnaire.question", "pk": 113, "fields": {"category": 11, "text": "Does coverage of out of department emergencies such as \u201ccode blue\u201d or ICU calls leave the emergency department without appropriate physician coverage?", "order": 36, "q_type": "bool", "tags": null, "help_text": null, "options": []}}, {"model": "questionnaire.question", "pk": 114, "fields": {"category": 11, "text": "Describe the credentialing requirements for nurses who treat trauma patients in the ED:", "order": 39, "q_type": "text", "tags": null, "help_text": null, "options": []}}, {"model": "questionnaire.question", "pk": 115, "fields": {"category": 12, "text": "For this Level I or Level II center, are all of the following medical specialists available?", "order": 0, "q_type": "check", "tags": null, "help_text": null, "options": [9, 10, 11, 12, 13, 14, 15]}}, {"model": "questionnaire.question", "pk": 116, "fields": {"category": 13, "text": "For this Level I center, are all of the following surgical specialists available?", "order": 0, "q_type": "combo", "tags": null, "help_text": null, "options": [16, 17, 18, 19, 20, 21, 22]}}, {"model": "questionnaire.question", "pk": 117, "fields": {"category": 13, "text": "In this Level II facility, are specialists from internal medicine, pediatrics, nephrology, hematology, cardiology available on staff?", "order": 6, "q_type": "bool", "tags": null, "help_text": null, "options": []}}, {"model": "questionnaire.question", "pk": 118, "fields": {"category": 13, "text": "In this Level II facility, are specialty consultants from internal medicine, pediatrics and radiology on call and promptly available?", "order": 9, "q_type": "bool", "tags": null, "help_text": null, "options": []}}, {"model": "questionnaire.question", "pk": 119, "fields": {"category": 13, "text": "For this Level II center, are all of the following surgical specialists available 24/7?", "order": 3, "q_type": "check", "tags": null, "help_text": null, "options": [23, 24, 25, 26, 27, 28, 29]}}, {"model": "questionnaire.question", "pk": 120, "fields": {"category": 14, "text": "Does your emergency department (ED) have a designated emergency physician director supported by additional physicians to ensure immediate care for injured patients?", "order": 0, "q_type": "bool", "tags": null, "help_text": null, "options": []}}, {"model": "questionnaire.question", "pk": 121, "fields": {"category": 14, "text": "Does your ED have an ED nursing liaison available to the trauma team?", "order": 3, "q_type": "bool", "tags": null, "help_text": null, "options": []}}, {"model": "questionnaire.question", "pk": 122, "fields": {"category": 14, "text": "Does your ED have a method to communicate changes in trauma process to all staff members caring for injured patients?", "order": 6, "q_type": "bool", "tags": null, "help_text": null, "options": []}}, {"model": "questionnaire.question", "pk": 123, "fields": {"category": 15, "text": "Are you seeking a pre-assessment for a trauma center or a trauma system?", "order": 0, "q_type": "bool", "tags": null, "help_text": null, "options": []}}, {"model": "questionnaire.question", "pk": 124, "fields": {"category": 15, "text": "If Trauma Center, which level?", "order": 3, "q_type": "combo", "tags": null, "help_text": null, "options": [30, 31, 32, 33, 34, 35]}}, {"model": "questionnaire.question", "pk": 125, "fields": {"category": 15, "text": "What will be your next step of review:", "order": 6, "q_type": "combo", "tags": null, "help_text": null, "options": [36, 37, 38]}}, {"model": "questionnaire.question", "pk": 126, "fields": {"category": 15, "text": "Date of most recent review if one has occurred (mm/yyyy):", "order": 9, "q_type": "text", "tags": null, "help_text": null, "options": []}}, {"model": "questionnaire.question", "pk": 127, "fields": {"category": 15, "text": "Give the location of your institution?", "order": 12, "q_type": "text", "tags": null, "help_text": null, "options": []}}, {"model": "questionnaire.question", "pk": 128, "fields": {"category": 16, "text": "Tax Status (ownership  public vs private)", "order": 0, "q_type": "combo", "tags": null, "help_text": null, "options": [39, 40, 41, 42, 43]}}, {"model": "questionnaire.question", "pk": 129, "fields": {"category": 16, "text": "Is there is a Medical School Affiliation?", "order": 3, "q_type": "bool", "tags": null, "help_text": null, "options": []}}, {"model": "questionnaire.question", "pk": 130, "fields": {"category": 17, "text": "Describe the air medical support services available in the area and the type:", "order": 0, "q_type": "check", "tags": null, "help_text": null, "options": [44, 45]}}, {"model": "questionnaire.question", "pk": 131, "fields": {"category": 17, "text": "Does your institution serve as a base station for EMS operations?", "order": 3, "q_type": "bool", "tags": null, "help_text": null, "options": []}}, {"model": "questionnaire.question", "pk": 132, "fields": {"category": 17, "text": "Does your institution provide medical direction?", "order": 6, "q_type": "bool", "tags": null, "help_text": null, "options": []}}, {"model": "questionnaire.question", "pk": 133, "fields": {"category": 17, "text": "Is a trauma program representative involved in pre-hospital training?", "order": 9, "q_type": "bool", "tags": null, "help_text": null, "options": []}}, {"model": "questionnaire.question", "pk": 134, "fields": {"category": 17, "text": "Does a trauma program representative participate in pre-hospital protocol development?", "order": 12, "q_type": "bool", "tags": null, "help_text": null, "options": []}}, {"model": "questionnaire.question", "pk": 135, "fields": {"category": 17, "text": "Is there a representative from the emergency department that participates in a QI program with pre-hospital providers?", "order": 15, "q_type": "bool", "tags": null, "help_text": null, "options": []}}, {"model": "questionnaire.question", "pk": 136, "fields": {"category": 3, "text": "Is there a clear defined line of reporting for the TPM within the organization?", "order": 6, "q_type": "bool", "tags": "", "help_text": "", "options": []}}, {"model": "questionnaire.question", "pk": 137, "fields": {"category": 2, "text": "What is the medical speciality of your TMD?", "order": 2, "q_type": "combo", "tags": "", "help_text": "", "options": [47, 49, 50, 52]}}, {"model": "questionnaire.question", "pk": 138, "fields": {"category": 2, "text": "Who does the TMD report to?", "order": 6, "q_type": "check", "tags": "", "help_text": "", "options": [51, 53, 54, 55]}}, {"model": "questionnaire.question", "pk": 139, "fields": {"category": 2, "text": "Which national or regional trauma organization is your TMD a member of?", "order": 25, "q_type": "check", "tags": "", "help_text": "", "options": [56, 57, 58, 59, 60, 61, 62, 63, 64, 65]}}, {"model": "questionnaire.question", "pk": 140, "fields": {"category": 2, "text": "Does the TMD have the authority to remove members from the trauma panel?", "order": 70, "q_type": "bool", "tags": "", "help_text": "", "options": []}}, {"model": "questionnaire.option", "pk": 1, "fields": {"text": "Associate Nursing Degree", "free": false}}, {"model": "questionnaire.option", "pk": 2, "fields": {"text": "Bachelor Nursing Degree", "free": false}}, {"model": "questionnaire.option", "pk": 3, "fields": {"text": "Masters Nursing Degree", "free": false}}, {"model": "questionnaire.option", "pk": 4, "fields": {"text": "Other Degree", "free": true}}, {"model": "questionnaire.option", "pk": 5, "fields": {"text": "TMD", "free": false}}, {"model": "questionnaire.option", "pk": 6, "fields": {"text": "Administration", "free": false}}, {"model": "questionnaire.option", "pk": 7, "fields": {"text": "ED Director", "free": false}}, {"model": "questionnaire.option", "pk": 8, "fields": {"text": "Other", "free": true}}, {"model": "questionnaire.option", "pk": 9, "fields": {"text": "Critical Care Medicine", "free": false}}, {"model": "questionnaire.option", "pk": 10, "fields": {"text": "Pathology", "free": false}}, {"model": "questionnaire.option", "pk": 11, "fields": {"text": "Internal Medicine/Pulmonary", "free": false}}, {"model": "questionnaire.option", "pk": 12, "fields": {"text": "Interventional Radiology", "free": false}}, {"model": "questionnaire.option", "pk": 13, "fields": {"text": "Pediatrics", "free": false}}, {"model": "questionnaire.option", "pk": 14, "fields": {"text": "Cardiology", "free": false}}, {"model": "questionnaire.option", "pk": 15, "fields": {"text": "Nephrology", "free": false}}, {"model": "questionnaire.option", "pk": 16, "fields": {"text": "Urology", "free": false}}, {"model": "questionnaire.option", "pk": 17, "fields": {"text": "Cardiac Surgery With Pump Capability", "free": false}}, {"model": "questionnaire.option", "pk": 18, "fields": {"text": "Hand Surgery With Microvascular Capability", "free": false}}, {"model": "questionnaire.option", "pk": 19, "fields": {"text": "Maxillofacial Coverage", "free": false}}, {"model": "questionnaire.option", "pk": 20, "fields": {"text": "Plastics/Reconstructive", "free": false}}, {"model": "questionnaire.option", "pk": 21, "fields": {"text": "Opthamology", "free": false}}, {"model": "questionnaire.option", "pk": 22, "fields": {"text": "Obstetrics and Gynecologic Surgery", "free": false}}, {"model": "questionnaire.option", "pk": 23, "fields": {"text": "Cardiac Surgery", "free": false}}, {"model": "questionnaire.option", "pk": 24, "fields": {"text": "Urology", "free": false}}, {"model": "questionnaire.option", "pk": 25, "fields": {"text": "Maxillofacial Coverage (any specialty)", "free": false}}, {"model": "questionnaire.option", "pk": 26, "fields": {"text": "Ophthalmology", "free": false}}, {"model": "questionnaire.option", "pk": 27, "fields": {"text": "Plastics/Reconstructive", "free": false}}, {"model": "questionnaire.option", "pk": 28, "fields": {"text": "Hand Surgery", "free": false}}, {"model": "questionnaire.option", "pk": 29, "fields": {"text": "Obstetrics and Gynecologic Surgery", "free": false}}, {"model": "questionnaire.option", "pk": 30, "fields": {"text": "Level I Trauma Center", "free": false}}, {"model": "questionnaire.option", "pk": 31, "fields": {"text": "Level II Trauma Center", "free": false}}, {"model": "questionnaire.option", "pk": 32, "fields": {"text": "Level III Trauma Center", "free": false}}, {"model": "questionnaire.option", "pk": 33, "fields": {"text": "Level IV Trauma Center", "free": false}}, {"model": "questionnaire.option", "pk": 34, "fields": {"text": "Level I Pediatric Trauma Center", "free": false}}, {"model": "questionnaire.option", "pk": 35, "fields": {"text": "Level II Pediatric Trauma Center", "free": false}}, {"model": "questionnaire.option", "pk": 36, "fields": {"text": "Consultation", "free": false}}, {"model": "questionnaire.option", "pk": 37, "fields": {"text": "Verification", "free": false}}, {"model": "questionnaire.option", "pk": 38, "fields": {"text": "Reverification", "free": false}}, {"model": "questionnaire.option", "pk": 39, "fields": {"text": "Community - for profit", "free": false}}, {"model": "questionnaire.option", "pk": 40, "fields": {"text": "Community - not for profit", "free": false}}, {"model": "questionnaire.option", "pk": 41, "fields": {"text": "University - for profit", "free": false}}, {"model": "questionnaire.option", "pk": 42, "fields": {"text": "University - not for profit", "free": false}}, {"model": "questionnaire.option", "pk": 43, "fields": {"text": "Public Entity", "free": false}}, {"model": "questionnaire.option", "pk": 44, "fields": {"text": "Fixed Wing", "free": false}}, {"model": "questionnaire.option", "pk": 45, "fields": {"text": "Rotor Wing", "free": false}}, {"model": "questionnaire.option", "pk": 46, "fields": {"text": "Both", "free": false}}, {"model": "questionnaire.option", "pk": 47, "fields": {"text": "General Surgery", "free": false}}, {"model": "questionnaire.option", "pk": 49, "fields": {"text": "Pediatric Surgery", "free": false}}, {"model": "questionnaire.option", "pk": 50, "fields": {"text": "Anesthesiology", "free": false}}, {"model": "questionnaire.option", "pk": 51, "fields": {"text": "Hospital Board", "free": false}}, {"model": "questionnaire.option", "pk": 52, "fields": {"text": "Orthopedic Surgery", "free": false}}, {"model": "questionnaire.option", "pk": 53, "fields": {"text": "Chief Executive Officer", "free": false}}, {"model": "questionnaire.option", "pk": 54, "fields": {"text": "Chief Medical Officer", "free": false}}, {"model": "questionnaire.option", "pk": 55, "fields": {"text": "Head of Clinical Services", "free": false}}, {"model": "questionnaire.option", "pk": 56, "fields": {"text": "The American Trauma Society", "free": false}}, {"model": "questionnaire.option", "pk": 57, "fields": {"text": "The American of Surgeons Committee on Trauma", "free": false}}, {"model": "questionnaire.option", "pk": 58, "fields": {"text": "The American Association of Orthopedic Surgeons", "free": false}}, {"model": "questionnaire.option", "pk": 59, "fields": {"text": "The American College of Emergency Physicians", "free": false}}, {"model": "questionnaire.option", "pk": 60, "fields": {"text": "The American Association for the Surgery of Trauma", "free": false}}, {"model": "questionnaire.option", "pk": 61, "fields": {"text": "Eastern Association for the Surgery of Trauma", "free": false}}, {"model": "questionnaire.option", "pk": 62, "fields": {"text": "The United States Army Institute of Surgical Research", "free": false}}, {"model": "questionnaire.option", "pk": 63, "fields": {"text": "American Association of Neurological Surgeons", "free": false}}, {"model": "questionnaire.option", "pk": 64, "fields": {"text": "Society of Trauma Nurses", "free": false}}, {"model": "questionnaire.option", "pk": 65, "fields": {"text": "Other", "free": true}}]